--逻辑系统初始化
insert into BIONE_LOGIC_SYS_INFO (LOGIC_SYS_ID, LOGIC_SYS_NO, LOGIC_SYS_NAME, AUTH_TYPE_NO, LOGIC_SYS_ICON, ORDER_NO, BASIC_ORG_STS, BASIC_DEPT_STS, LOGIC_SYS_STS, IS_BUILTIN, REMARK, LAST_UPDATE_USER, LAST_UPDATE_TIME) values ('1', 'BIONE', '超级管理员系统', '1', '../images/bione/icon1.jpg', 1, '1', '1', '1', '1', '', 'bione_super',TIMESTAMP '2012-12-12 00:00:00');
--用户初始化
insert into BIONE_USER_INFO (USER_ID, USER_NO, USER_PWD, USER_NAME, SEX, BIRTHDAY, EMAIL, ADDRESS, POSTCODE, MOBILE, TEL, ORG_NO, DEPT_NO, USER_STS, IS_BUILTIN, REMARK, LAST_PWD_UPDATE_TIME, LAST_UPDATE_USER, LAST_UPDATE_TIME, USER_ICON) values ('1', 'bione_super', '1v5hX1gr+LwWZwWckSuDaC71tsmwUuVfm4saAWbH5Wc=', '超级管理员', '1', '1982-11-11', 'a@a.com', '北京', '100000', '13810000000', '66666666', '1', '1', '1', '1', null, null, null, null,'images/classics/usericons/userhead.png');
--逻辑系统用户关系初始化
insert into BIONE_ADMIN_USER_INFO (LOGIC_SYS_ID, USER_ID, USER_STS, REMARK, LAST_UPDATE_USER, LAST_UPDATE_TIME) values ('1', '1', '1', 'add administrator to logicSystem', '1', TIMESTAMP '2012-09-06 20:34:25');
--认证初始化
insert into BIONE_AUTH_INFO (AUTH_TYPE_ID, AUTH_TYPE_NO, AUTH_TYPE_NAME) values ('1', '1', '本地认证');
--超级逻辑系统和系统管理员的模块信息初始化
insert into BIONE_MODULE_INFO (MODULE_ID, MODULE_NO, MODULE_NAME, REMARK) values ('4028818739e3702b0139e373ee8e0000', 'super_func', '超级逻辑系统功能', null);
insert into BIONE_MODULE_INFO (MODULE_ID, MODULE_NO, MODULE_NAME, REMARK) values ('4028818739d3170e0139d3279fc70010', 'admin_sys', '系统管理员平台功能', null);

--超级逻辑系统和系统管理员的功能信息初始化
insert into BIONE_FUNC_INFO (FUNC_ID, MODULE_ID, FUNC_NAME, UP_ID, ORDER_NO, NAV_ICON, NAV_PATH, FUNC_STS, REMARK) values ('6057bf01ed794cb3872b76c5a365ab91', '4028818739d3170e0139d3279fc70010', '数据源管理', '4028818739d3170e0139d32bab2d0020', 5, 'images/classics/menuicons/database_gear.png', 'bione/mtool/datasource', '1', null);
insert into BIONE_FUNC_INFO (FUNC_ID, MODULE_ID, FUNC_NAME, UP_ID, ORDER_NO, NAV_ICON, NAV_PATH, FUNC_STS, REMARK) values ('90a78da113c44ac890bddb7b1574f50c', '4028818739d3170e0139d3279fc70010', '日志查看', '4028818739d3170e0139d32bab2d0020', 6, 'images/classics/menuicons/book.png', 'bione/admin/log', '1', null);
insert into BIONE_FUNC_INFO (FUNC_ID, MODULE_ID, FUNC_NAME, UP_ID, ORDER_NO, NAV_ICON, NAV_PATH, FUNC_STS, REMARK) values ('4028818f3c70c55e013c70c7f2b40000', '4028818739e3702b0139e373ee8e0000', '服务模块管理', '4028818739e3702b0139e3745d560001', 3, 'images/classics/menuicons/database_connect.png', 'bione/serverinfo', '1', null);
insert into BIONE_FUNC_INFO (FUNC_ID, MODULE_ID, FUNC_NAME, UP_ID, ORDER_NO, NAV_ICON, NAV_PATH, FUNC_STS, REMARK) values ('4028818739d3170e0139d32e61540022', '4028818739d3170e0139d3279fc70010', '系统参数管理', '4028818739d3170e0139d32bab2d0020', 1, 'images/classics/menuicons/database_connect.png', null, '1', null);
insert into BIONE_FUNC_INFO (FUNC_ID, MODULE_ID, FUNC_NAME, UP_ID, ORDER_NO, NAV_ICON, NAV_PATH, FUNC_STS, REMARK) values ('4028818739d3170e0139d32ffbea0025', '4028818739d3170e0139d3279fc70010', '系统变量管理', '4028818739d3170e0139d32e61540022', 2, 'images/classics/menuicons/database_lightning.png', 'bione/variable/sysvar', '1', null);
insert into BIONE_FUNC_INFO (FUNC_ID, MODULE_ID, FUNC_NAME, UP_ID, ORDER_NO, NAV_ICON, NAV_PATH, FUNC_STS, REMARK) values ('4028818739d3170e0139d3312d940028', '4028818739d3170e0139d3279fc70010', '授权对象管理', '4028818739d3170e0139d32bab2d0020', 3, 'images/classics/menuicons/group_gear.png', null, '1', null);
insert into BIONE_FUNC_INFO (FUNC_ID, MODULE_ID, FUNC_NAME, UP_ID, ORDER_NO, NAV_ICON, NAV_PATH, FUNC_STS, REMARK) values ('402881e239f7b9ee013a00413c9e00d0', '4028818739d3170e0139d3279fc70010', '角色管理', '4028818739d3170e0139d3312d940028', 1, 'images/classics/menuicons/status_online.png', 'bione/admin/role', '1', null);
insert into BIONE_FUNC_INFO (FUNC_ID, MODULE_ID, FUNC_NAME, UP_ID, ORDER_NO, NAV_ICON, NAV_PATH, FUNC_STS, REMARK) values ('4028818739d3170e0139d332814d002a', '4028818739d3170e0139d3279fc70010', '部门管理', '4028818739d3170e0139d3312d940028', 2, 'images/classics/menuicons/image.png', 'bione/admin/dept', '1', null);
insert into BIONE_FUNC_INFO (FUNC_ID, MODULE_ID, FUNC_NAME, UP_ID, ORDER_NO, NAV_ICON, NAV_PATH, FUNC_STS, REMARK) values ('4028818739d3170e0139d332dd86002c', '4028818739d3170e0139d3279fc70010', '机构管理', '4028818739d3170e0139d3312d940028', 3, 'images/classics/menuicons/database_gear.png', 'bione/admin/org', '1', null);
insert into BIONE_FUNC_INFO (FUNC_ID, MODULE_ID, FUNC_NAME, UP_ID, ORDER_NO, NAV_ICON, NAV_PATH, FUNC_STS, REMARK) values ('4028818739d3170e0139d33371f6002d', '4028818739d3170e0139d3279fc70010', '授权关系管理', '4028818739d3170e0139d32bab2d0020', 4, 'images/classics/menuicons/cog.png', null, '1', null);
insert into BIONE_FUNC_INFO (FUNC_ID, MODULE_ID, FUNC_NAME, UP_ID, ORDER_NO, NAV_ICON, NAV_PATH, FUNC_STS, REMARK) values ('4028818739d3170e0139d33e1ab8006b', '4028818739d3170e0139d3279fc70010', '任务配置', '4028818739d3170e0139d32bab2d0020', 2, 'images/classics/menuicons/clock.png', null, '1', null);
insert into BIONE_FUNC_INFO (FUNC_ID, MODULE_ID, FUNC_NAME, UP_ID, ORDER_NO, NAV_ICON, NAV_PATH, FUNC_STS, REMARK) values ('4028818739e3702b0139e37531fb0003', '4028818739e3702b0139e373ee8e0000', '逻辑系统管理', '4028818739e3702b0139e3745d560001', 2, 'images/classics/menuicons/computer.png', 'bione/admin/logicSys', '1', null);
insert into BIONE_FUNC_INFO (FUNC_ID, MODULE_ID, FUNC_NAME, UP_ID, ORDER_NO, NAV_ICON, NAV_PATH, FUNC_STS, REMARK) values ('4028818739e3702b0139e37595a70004', '4028818739e3702b0139e373ee8e0000', '授权对象管理', '0', 3, null, null, '1', null);
insert into BIONE_FUNC_INFO (FUNC_ID, MODULE_ID, FUNC_NAME, UP_ID, ORDER_NO, NAV_ICON, NAV_PATH, FUNC_STS, REMARK) values ('4028818739e3702b0139e3763bba0006', '4028818739e3702b0139e373ee8e0000', '部门管理', '4028818739e3702b0139e37595a70004', 2, 'images/classics/menuicons/image.png', 'bione/admin/dept', '1', null);
insert into BIONE_FUNC_INFO (FUNC_ID, MODULE_ID, FUNC_NAME, UP_ID, ORDER_NO, NAV_ICON, NAV_PATH, FUNC_STS, REMARK) values ('4028818739e3702b0139e3773b29000a', '4028818739e3702b0139e373ee8e0000', '授权对象定义', '4028818739e3702b0139e376ae790008', 2, 'images/classics/menuicons/folder_user.png', 'bione/admin/authObjDef', '1', null);
insert into BIONE_FUNC_INFO (FUNC_ID, MODULE_ID, FUNC_NAME, UP_ID, ORDER_NO, NAV_ICON, NAV_PATH, FUNC_STS, REMARK) values ('4028818739e3702b0139e3745d560001', '4028818739e3702b0139e373ee8e0000', '系统模块管理', '0', 2, null, null, '1', null);
insert into BIONE_FUNC_INFO (FUNC_ID, MODULE_ID, FUNC_NAME, UP_ID, ORDER_NO, NAV_ICON, NAV_PATH, FUNC_STS, REMARK) values ('4028818739e3702b0139e374e0fd0002', '4028818739e3702b0139e373ee8e0000', '功能模块管理', '4028818739e3702b0139e3745d560001', 1, 'images/classics/menuicons/page_lightning.png', 'bione/admin/module', '1', null);
insert into BIONE_FUNC_INFO (FUNC_ID, MODULE_ID, FUNC_NAME, UP_ID, ORDER_NO, NAV_ICON, NAV_PATH, FUNC_STS, REMARK) values ('4028818739e3702b0139e376820a0007', '4028818739e3702b0139e373ee8e0000', '机构管理', '4028818739e3702b0139e37595a70004', 3, 'images/classics/menuicons/database_gear.png', 'bione/admin/org', '1', null);
insert into BIONE_FUNC_INFO (FUNC_ID, MODULE_ID, FUNC_NAME, UP_ID, ORDER_NO, NAV_ICON, NAV_PATH, FUNC_STS, REMARK) values ('4028818739e3702b0139e376ae790008', '4028818739e3702b0139e373ee8e0000', '授权相关定义', '0', 4, null, null, '1', null);
insert into BIONE_FUNC_INFO (FUNC_ID, MODULE_ID, FUNC_NAME, UP_ID, ORDER_NO, NAV_ICON, NAV_PATH, FUNC_STS, REMARK) values ('4028818739e3702b0139e375d8da0005', '4028818739e3702b0139e373ee8e0000', '用户管理', '4028818739e3702b0139e37595a70004', 1, 'images/classics/menuicons/user.png', 'bione/admin/user', '1', null);
insert into BIONE_FUNC_INFO (FUNC_ID, MODULE_ID, FUNC_NAME, UP_ID, ORDER_NO, NAV_ICON, NAV_PATH, FUNC_STS, REMARK) values ('4028818739e3702b0139e377abd5000b', '4028818739e3702b0139e373ee8e0000', '授权资源定义', '4028818739e3702b0139e376ae790008', 3, 'images/classics/menuicons/folder_picture.png', 'bione/admin/authResDef', '1', null);
insert into BIONE_FUNC_INFO (FUNC_ID, MODULE_ID, FUNC_NAME, UP_ID, ORDER_NO, NAV_ICON, NAV_PATH, FUNC_STS, REMARK) values ('4028818739e3702b0139e376f5e30009', '4028818739e3702b0139e373ee8e0000', '资源操作维护', '4028818739e3702b0139e376ae790008', 1, 'images/classics/menuicons/folder_wrench.png', 'bione/admin/resOper', '1', null);
insert into BIONE_FUNC_INFO (FUNC_ID, MODULE_ID, FUNC_NAME, UP_ID, ORDER_NO, NAV_ICON, NAV_PATH, FUNC_STS, REMARK) values ('4028818739d3170e0139d335acf20030', '4028818739d3170e0139d3279fc70010', '授权对象用户关系', '4028818739d3170e0139d33371f6002d', 1, 'images/classics/menuicons/folder_user.png', 'bione/admin/authUsrRel', '1', null);
insert into BIONE_FUNC_INFO (FUNC_ID, MODULE_ID, FUNC_NAME, UP_ID, ORDER_NO, NAV_ICON, NAV_PATH, FUNC_STS, REMARK) values ('4028818739d3170e0139d32bab2d0020', '4028818739d3170e0139d3279fc70010', '系统管理', '0', 1, 'images/classics/menuicons/folder_wrench.png', null, '1', null);
insert into BIONE_FUNC_INFO (FUNC_ID, MODULE_ID, FUNC_NAME, UP_ID, ORDER_NO, NAV_ICON, NAV_PATH, FUNC_STS, REMARK) values ('4028818739d3170e0139d3362a5f0031', '4028818739d3170e0139d3279fc70010', '授权对象资源分配', '4028818739d3170e0139d33371f6002d', 2, 'images/classics/menuicons/folder_table.png', 'bione/admin/auth/manage', '1', null);
insert into BIONE_FUNC_INFO (FUNC_ID, MODULE_ID, FUNC_NAME, UP_ID, ORDER_NO, NAV_ICON, NAV_PATH, FUNC_STS, REMARK) values ('4028818739d3170e0139d33a31ed004d', '4028818739d3170e0139d3279fc70010', '对象组管理', '4028818739d3170e0139d3312d940028', 4, 'images/classics/menuicons/group.png', 'bione/admin/authObjgrp', '1', null);
insert into BIONE_FUNC_INFO (FUNC_ID, MODULE_ID, FUNC_NAME, UP_ID, ORDER_NO, NAV_ICON, NAV_PATH, FUNC_STS, REMARK) values ('4028818739d3170e0139d33e87ca006c', '4028818739d3170e0139d3279fc70010', '触发器管理', '4028818739d3170e0139d33e1ab8006b', 1, 'images/classics/menuicons/history.png', 'bione/schedule/trigger', '1', null);
insert into BIONE_FUNC_INFO (FUNC_ID, MODULE_ID, FUNC_NAME, UP_ID, ORDER_NO, NAV_ICON, NAV_PATH, FUNC_STS, REMARK) values ('4028818739d3170e0139d33f307e006d', '4028818739d3170e0139d3279fc70010', '系统任务信息', '4028818739d3170e0139d33e1ab8006b', 2, 'images/classics/menuicons/book_open.png', 'bione/schedule/task', '1', null);
insert into BIONE_FUNC_INFO (FUNC_ID, MODULE_ID, FUNC_NAME, UP_ID, ORDER_NO, NAV_ICON, NAV_PATH, FUNC_STS, REMARK) values ('4028818739d3170e0139d32f1d420023', '4028818739d3170e0139d3279fc70010', '系统参数信息', '4028818739d3170e0139d32e61540022', 1, 'images/classics/menuicons/database_connect.png', 'bione/variable/param', '1', null);
insert into BIONE_FUNC_INFO (FUNC_ID, MODULE_ID, FUNC_NAME, UP_ID, ORDER_NO, NAV_ICON, NAV_PATH, FUNC_STS, REMARK) values ('76516b5e6fa44b2e9ade266dfba6f3c7', '4028818739e3702b0139e373ee8e0000', '用户属性管理', '4028818739e3702b0139e37595a70004', 4, 'images/classics/menuicons/group_gear.png', 'bione/admin/userattrgrp', '1', null);

--超级逻辑系统菜单初始化
insert into BIONE_MENU_INFO (MENU_ID, LOGIC_SYS_NO, MENU_NAME, UP_ID, FUNC_ID, INDEX_STS, ORDER_NO) values ('8a2f59645b8f4addbbab49def898494b', 'BIONE', null, '4172024e1590444f88fa77b87cb9d1a9', '4028818739e3702b0139e374e0fd0002', '0', 0);
insert into BIONE_MENU_INFO (MENU_ID, LOGIC_SYS_NO, MENU_NAME, UP_ID, FUNC_ID, INDEX_STS, ORDER_NO) values ('18edc18aa98343999e8d75641badcaf9', 'BIONE', null, '4172024e1590444f88fa77b87cb9d1a9', '4028818739e3702b0139e37531fb0003', '0', 1);
insert into BIONE_MENU_INFO (MENU_ID, LOGIC_SYS_NO, MENU_NAME, UP_ID, FUNC_ID, INDEX_STS, ORDER_NO) values ('388b363617fa455aaf53b49c3145734e', 'BIONE', null, '4172024e1590444f88fa77b87cb9d1a9', '4028818f3c70c55e013c70c7f2b40000', '0', 2);
insert into BIONE_MENU_INFO (MENU_ID, LOGIC_SYS_NO, MENU_NAME, UP_ID, FUNC_ID, INDEX_STS, ORDER_NO) values ('044690fecc6d4100b53a4b1b31e285c4', 'BIONE', null, '0', '4028818739e3702b0139e37595a70004', '0', 1);
insert into BIONE_MENU_INFO (MENU_ID, LOGIC_SYS_NO, MENU_NAME, UP_ID, FUNC_ID, INDEX_STS, ORDER_NO) values ('4172024e1590444f88fa77b87cb9d1a9', 'BIONE', null, '0', '4028818739e3702b0139e3745d560001', '0', 0);
insert into BIONE_MENU_INFO (MENU_ID, LOGIC_SYS_NO, MENU_NAME, UP_ID, FUNC_ID, INDEX_STS, ORDER_NO) values ('4a5e9c8c82bc4fe48380e59afe59cb8b', 'BIONE', null, '044690fecc6d4100b53a4b1b31e285c4', '4028818739e3702b0139e375d8da0005', '0', 0);
insert into BIONE_MENU_INFO (MENU_ID, LOGIC_SYS_NO, MENU_NAME, UP_ID, FUNC_ID, INDEX_STS, ORDER_NO) values ('7528766360234f2c96ba661f8f250afc', 'BIONE', null, '044690fecc6d4100b53a4b1b31e285c4', '4028818739e3702b0139e3763bba0006', '0', 1);
insert into BIONE_MENU_INFO (MENU_ID, LOGIC_SYS_NO, MENU_NAME, UP_ID, FUNC_ID, INDEX_STS, ORDER_NO) values ('c92f34462603411abc788dc9d16b4a8e', 'BIONE', null, '044690fecc6d4100b53a4b1b31e285c4', '4028818739e3702b0139e376820a0007', '0', 2);
insert into BIONE_MENU_INFO (MENU_ID, LOGIC_SYS_NO, MENU_NAME, UP_ID, FUNC_ID, INDEX_STS, ORDER_NO) values ('b683335fc2b643cdb431ea1a52b2e1c9', 'BIONE', null, '044690fecc6d4100b53a4b1b31e285c4', '76516b5e6fa44b2e9ade266dfba6f3c7', '0', 3);
insert into BIONE_MENU_INFO (MENU_ID, LOGIC_SYS_NO, MENU_NAME, UP_ID, FUNC_ID, INDEX_STS, ORDER_NO) values ('65384ade850741fa8602c76b20557c9f', 'BIONE', null, '0', '4028818739e3702b0139e376ae790008', '0', 2);
insert into BIONE_MENU_INFO (MENU_ID, LOGIC_SYS_NO, MENU_NAME, UP_ID, FUNC_ID, INDEX_STS, ORDER_NO) values ('eb8054dd78bc4b6b9c3ea6e27eb08910', 'BIONE', null, '65384ade850741fa8602c76b20557c9f', '4028818739e3702b0139e376f5e30009', '0', 0);
insert into BIONE_MENU_INFO (MENU_ID, LOGIC_SYS_NO, MENU_NAME, UP_ID, FUNC_ID, INDEX_STS, ORDER_NO) values ('ed30637fd7da44fe8f10a450fd54f117', 'BIONE', null, '65384ade850741fa8602c76b20557c9f', '4028818739e3702b0139e3773b29000a', '0', 1);
insert into BIONE_MENU_INFO (MENU_ID, LOGIC_SYS_NO, MENU_NAME, UP_ID, FUNC_ID, INDEX_STS, ORDER_NO) values ('39133013db384f14886408671ec9f0d1', 'BIONE', null, '65384ade850741fa8602c76b20557c9f', '4028818739e3702b0139e377abd5000b', '0', 2);

--授权对象初始化
insert into BIONE_AUTH_OBJ_DEF (OBJ_DEF_NO, OBJ_DEF_NAME, BEAN_NAME, REMARK) values ('AUTH_OBJ_USER', '用户', 'userAuthObjImpl', null);
insert into BIONE_AUTH_OBJ_DEF (OBJ_DEF_NO, OBJ_DEF_NAME, BEAN_NAME, REMARK) values ('AUTH_OBJ_ROLE', '角色', 'roleAuthObjImpl', null);
insert into BIONE_AUTH_OBJ_DEF (OBJ_DEF_NO, OBJ_DEF_NAME, BEAN_NAME, REMARK) values ('AUTH_OBJ_ORG', '机构', 'orgAuthObjImpl', null);
insert into BIONE_AUTH_OBJ_DEF (OBJ_DEF_NO, OBJ_DEF_NAME, BEAN_NAME, REMARK) values ('AUTH_OBJ_DEPT', '部门', 'deptAuthObjImpl', null);
insert into BIONE_AUTH_OBJ_DEF (OBJ_DEF_NO, OBJ_DEF_NAME, BEAN_NAME, REMARK) values ('AUTH_OBJ_GROUP', '授权对象组', 'objGrpAuthObjImpl', null);
--授权资源初始化
insert into BIONE_AUTH_RES_DEF (RES_DEF_NO, RES_NAME, BEAN_NAME, REMARK) values ('AUTH_RES_MENU', '菜单资源', 'menuResImpl', null);
--驱动类信息表初始化
insert into BIONE_DRIVER_INFO (DRIVER_ID, DRIVER_TYPE, DRIVER_NAME, CONN_URL) values ('1', 'ORACLE', 'oracle.jdbc.driver.OracleDriver', 'jdbc:oracle:thin:@server:1521:dbname');
insert into BIONE_DRIVER_INFO (DRIVER_ID, DRIVER_TYPE, DRIVER_NAME, CONN_URL) values ('2', 'DB2', 'com.ibm.db2.jcc.DB2Driver', 'jdbc:db2://server:50000/dbname');


--逻辑系统导出实体
insert into BIONE_EXPORT_ENTITY (ENTITY_ID, ENTITY_NAME, REMARK) values ('304256fe416d46e19d8629486cb4d0d8', 'com.yuchengtech.emp.biappframe.logicsys.entity.BioneLogicSysInfo', '逻辑系统信息');
insert into BIONE_EXPORT_ENTITY (ENTITY_ID, ENTITY_NAME, REMARK) values ('c08f2db24816482f98b946daf4c8199e', 'com.yuchengtech.emp.biappframe.variable.entity.BioneSysVarInfo', '系统变量信息');
insert into BIONE_EXPORT_ENTITY (ENTITY_ID, ENTITY_NAME, REMARK) values ('979ab08b8f0f40b98d556bd48d6fe808', 'com.yuchengtech.emp.biappframe.variable.entity.BioneParamInfo', '参数信息');
insert into BIONE_EXPORT_ENTITY (ENTITY_ID, ENTITY_NAME, REMARK) values ('9a541416e1ba4c9495675543bc1ee40e', 'com.yuchengtech.emp.biappframe.variable.entity.BioneParamTypeInfo', '参数类型信息');
insert into BIONE_EXPORT_ENTITY (ENTITY_ID, ENTITY_NAME, REMARK) values ('f01fc28e7d2348b5a83e80a031f232a7', 'com.yuchengtech.emp.biappframe.schedule.entity.BioneTriggerInfo', '触发器信息');
insert into BIONE_EXPORT_ENTITY (ENTITY_ID, ENTITY_NAME, REMARK) values ('e9a71af12ad04832a6f8c47acab7fb0a', 'com.yuchengtech.emp.biappframe.schedule.entity.BioneTaskInfo', '系统任务信息');
insert into BIONE_EXPORT_ENTITY (ENTITY_ID, ENTITY_NAME, REMARK) values ('82d57ce6ae6641889f24c0ab7d217651', 'com.yuchengtech.emp.biappframe.logicsys.entity.BioneAuthObjSysRel', '授权对象与逻辑系统关系');
insert into BIONE_EXPORT_ENTITY (ENTITY_ID, ENTITY_NAME, REMARK) values ('1c78ce38544c44df8abf50abf323fd9d', 'com.yuchengtech.emp.biappframe.authobj.entity.BioneDeptInfo', '部门信息');
insert into BIONE_EXPORT_ENTITY (ENTITY_ID, ENTITY_NAME, REMARK) values ('168257ec652e470d8a0a253c5f7413e1', 'com.yuchengtech.emp.biappframe.authobj.entity.BioneAuthObjgrpInfo', '用户组信息');
insert into BIONE_EXPORT_ENTITY (ENTITY_ID, ENTITY_NAME, REMARK) values ('63df7b3cc25b4819ae66213d89cce7cb', 'com.yuchengtech.emp.biappframe.authobj.entity.BioneOrgInfo', '机构信息');
insert into BIONE_EXPORT_ENTITY (ENTITY_ID, ENTITY_NAME, REMARK) values ('9382364b7eb64e4da2b39b2aa05742b9', 'com.yuchengtech.emp.biappframe.logicsys.entity.BioneAuthResSysRel', '授权资源与逻辑系统关系');
insert into BIONE_EXPORT_ENTITY (ENTITY_ID, ENTITY_NAME, REMARK) values ('60badba347724c6aa3b2466ed6e1b3db', 'com.yuchengtech.emp.biappframe.authres.entity.BioneMenuInfo', '菜单信息');
insert into BIONE_EXPORT_ENTITY (ENTITY_ID, ENTITY_NAME, REMARK) values ('7c5af623c148496499092f1f49f02ba1', 'com.yuchengtech.emp.biappframe.authobj.entity.BioneRoleInfo', '角色信息');
insert into BIONE_EXPORT_ENTITY (ENTITY_ID, ENTITY_NAME, REMARK) values ('7d517b6eb9854973b93edacfd6e4f61b', 'com.yuchengtech.emp.biappframe.authobj.entity.BioneAuthObjgrpObjRel', '授权对象组与授权对象关系');

--用户属性组
insert into BIONE_USER_ATTR_GRP (GRP_ID, GRP_NAME, GRP_ICON, ORDER_NO) values ('402881873b6f0f9a013b6f1eeb5a0000', '用户信息', 'images/classics/menuicons/tag_blue.png', 0);
--用户属性
insert into BIONE_USER_ATTR (ATTR_ID, FIELD_NAME, ATTR_STS, IS_EXT, FIELD_LENGTH, IS_ALLOW_UPDATE, IS_ALLOW_NULL, CHECK_RULE_TYPE, GRP_ID, LABEL_NAME, LABEL_WIDTH, LABEL_ALIGN, ELEMENT_TYPE, ELEMENT_ALIGN, ELEMENT_WIDTH, IS_NEWLINE, ORDER_NO, REMARK, COMB_DS, IS_READONLY, INIT_VALUE) values ('402881873b6f6a2a013b6f801b1d0006', 'remark', '1', '0', '250', '0', '1', null, '402881873b6f0f9a013b6f1eeb5a0000', '备注', 0, 'left', '06', 'left', 503, '1', 16, null, null, '0', null);
insert into BIONE_USER_ATTR (ATTR_ID, FIELD_NAME, ATTR_STS, IS_EXT, FIELD_LENGTH, IS_ALLOW_UPDATE, IS_ALLOW_NULL, CHECK_RULE_TYPE, GRP_ID, LABEL_NAME, LABEL_WIDTH, LABEL_ALIGN, ELEMENT_TYPE, ELEMENT_ALIGN, ELEMENT_WIDTH, IS_NEWLINE, ORDER_NO, REMARK, COMB_DS, IS_READONLY, INIT_VALUE) values ('402881873b6f0f9a013b6f3c74730001', 'userId', '1', '0', '0', '0', '1', null, '402881873b6f0f9a013b6f1eeb5a0000', null, 0, 'left', '04', 'left', 0, '0', 0, null, null, '0', null);
insert into BIONE_USER_ATTR (ATTR_ID, FIELD_NAME, ATTR_STS, IS_EXT, FIELD_LENGTH, IS_ALLOW_UPDATE, IS_ALLOW_NULL, CHECK_RULE_TYPE, GRP_ID, LABEL_NAME, LABEL_WIDTH, LABEL_ALIGN, ELEMENT_TYPE, ELEMENT_ALIGN, ELEMENT_WIDTH, IS_NEWLINE, ORDER_NO, REMARK, COMB_DS, IS_READONLY, INIT_VALUE) values ('402881873b6f0f9a013b6f3ef92a0002', 'userNo', '1', '0', '32', '0', '0', null, '402881873b6f0f9a013b6f1eeb5a0000', '用户帐号<font color=''red''>*</font>', 0, 'left', '01', 'left', 0, '1', 1, null, null, '0', null);
insert into BIONE_USER_ATTR (ATTR_ID, FIELD_NAME, ATTR_STS, IS_EXT, FIELD_LENGTH, IS_ALLOW_UPDATE, IS_ALLOW_NULL, CHECK_RULE_TYPE, GRP_ID, LABEL_NAME, LABEL_WIDTH, LABEL_ALIGN, ELEMENT_TYPE, ELEMENT_ALIGN, ELEMENT_WIDTH, IS_NEWLINE, ORDER_NO, REMARK, COMB_DS, IS_READONLY, INIT_VALUE) values ('402881873b6f0f9a013b6f3fc1f80003', 'userName', '1', '0', '50', '0', '0', null, '402881873b6f0f9a013b6f1eeb5a0000', '用户名称<font color=''red''>*</font>', 0, 'left', '01', 'left', 0, '0', 2, null, null, '0', null);
insert into BIONE_USER_ATTR (ATTR_ID, FIELD_NAME, ATTR_STS, IS_EXT, FIELD_LENGTH, IS_ALLOW_UPDATE, IS_ALLOW_NULL, CHECK_RULE_TYPE, GRP_ID, LABEL_NAME, LABEL_WIDTH, LABEL_ALIGN, ELEMENT_TYPE, ELEMENT_ALIGN, ELEMENT_WIDTH, IS_NEWLINE, ORDER_NO, REMARK, COMB_DS, IS_READONLY, INIT_VALUE) values ('402881873b6f0f9a013b6f440da40004', 'userPwd', '1', '0', '15', '0', '0', null, '402881873b6f0f9a013b6f1eeb5a0000', '用户密码<font color=''red''>*</font>', 0, 'left', '05', 'left', 0, '1', 3, null, null, '0', null);
insert into BIONE_USER_ATTR (ATTR_ID, FIELD_NAME, ATTR_STS, IS_EXT, FIELD_LENGTH, IS_ALLOW_UPDATE, IS_ALLOW_NULL, CHECK_RULE_TYPE, GRP_ID, LABEL_NAME, LABEL_WIDTH, LABEL_ALIGN, ELEMENT_TYPE, ELEMENT_ALIGN, ELEMENT_WIDTH, IS_NEWLINE, ORDER_NO, REMARK, COMB_DS, IS_READONLY, INIT_VALUE) values ('402881873b6f0f9a013b6f44937d0005', 'userPwdTo', '1', '0', '15', '0', '0', null, '402881873b6f0f9a013b6f1eeb5a0000', '确认密码<font color=''red''>*</font>', 0, 'left', '05', 'left', 0, '0', 4, null, null, '0', null);
insert into BIONE_USER_ATTR (ATTR_ID, FIELD_NAME, ATTR_STS, IS_EXT, FIELD_LENGTH, IS_ALLOW_UPDATE, IS_ALLOW_NULL, CHECK_RULE_TYPE, GRP_ID, LABEL_NAME, LABEL_WIDTH, LABEL_ALIGN, ELEMENT_TYPE, ELEMENT_ALIGN, ELEMENT_WIDTH, IS_NEWLINE, ORDER_NO, REMARK, COMB_DS, IS_READONLY, INIT_VALUE) values ('402881873b6f0f9a013b6f48d1100006', 'sex', '1', '0', '0', '0', '1', null, '402881873b6f0f9a013b6f1eeb5a0000', '用户性别', 0, 'left', '02', 'left', 0, '1', 5, null, '[{id : ''1'', text : ''男''}, {id : ''0'', text : ''女''}]', '0', '0');
insert into BIONE_USER_ATTR (ATTR_ID, FIELD_NAME, ATTR_STS, IS_EXT, FIELD_LENGTH, IS_ALLOW_UPDATE, IS_ALLOW_NULL, CHECK_RULE_TYPE, GRP_ID, LABEL_NAME, LABEL_WIDTH, LABEL_ALIGN, ELEMENT_TYPE, ELEMENT_ALIGN, ELEMENT_WIDTH, IS_NEWLINE, ORDER_NO, REMARK, COMB_DS, IS_READONLY, INIT_VALUE) values ('402881873b6f0f9a013b6f5b7576000a', 'mobile', '1', '0', '20', '0', '1', null, '402881873b6f0f9a013b6f1eeb5a0000', '手机号码', 0, 'left', '01', 'left', 0, '0', 8, null, null, '0', null);
insert into BIONE_USER_ATTR (ATTR_ID, FIELD_NAME, ATTR_STS, IS_EXT, FIELD_LENGTH, IS_ALLOW_UPDATE, IS_ALLOW_NULL, CHECK_RULE_TYPE, GRP_ID, LABEL_NAME, LABEL_WIDTH, LABEL_ALIGN, ELEMENT_TYPE, ELEMENT_ALIGN, ELEMENT_WIDTH, IS_NEWLINE, ORDER_NO, REMARK, COMB_DS, IS_READONLY, INIT_VALUE) values ('402881873b6f6a2a013b6f713f380000', 'orgNo', '1', '0', '32', '0', '0', null, '402881873b6f0f9a013b6f1eeb5a0000', '机构<font color=''red''>*</font>', 0, 'left', '02', 'left', 0, '1', 9, null, null, '0', null);
insert into BIONE_USER_ATTR (ATTR_ID, FIELD_NAME, ATTR_STS, IS_EXT, FIELD_LENGTH, IS_ALLOW_UPDATE, IS_ALLOW_NULL, CHECK_RULE_TYPE, GRP_ID, LABEL_NAME, LABEL_WIDTH, LABEL_ALIGN, ELEMENT_TYPE, ELEMENT_ALIGN, ELEMENT_WIDTH, IS_NEWLINE, ORDER_NO, REMARK, COMB_DS, IS_READONLY, INIT_VALUE) values ('402881873b6f6a2a013b6f71b8120001', 'tel', '1', '0', '20', '0', '1', null, '402881873b6f0f9a013b6f1eeb5a0000', '电话号码', 0, 'left', '01', 'left', 0, '0', 10, null, null, '0', null);
insert into BIONE_USER_ATTR (ATTR_ID, FIELD_NAME, ATTR_STS, IS_EXT, FIELD_LENGTH, IS_ALLOW_UPDATE, IS_ALLOW_NULL, CHECK_RULE_TYPE, GRP_ID, LABEL_NAME, LABEL_WIDTH, LABEL_ALIGN, ELEMENT_TYPE, ELEMENT_ALIGN, ELEMENT_WIDTH, IS_NEWLINE, ORDER_NO, REMARK, COMB_DS, IS_READONLY, INIT_VALUE) values ('402881873b6f6a2a013b6f72f2180002', 'deptNo', '1', '0', '32', '0', '0', null, '402881873b6f0f9a013b6f1eeb5a0000', '部门<font color=''red''>*</font>', 0, 'left', '02', 'left', 0, '1', 11, null, null, '0', null);
insert into BIONE_USER_ATTR (ATTR_ID, FIELD_NAME, ATTR_STS, IS_EXT, FIELD_LENGTH, IS_ALLOW_UPDATE, IS_ALLOW_NULL, CHECK_RULE_TYPE, GRP_ID, LABEL_NAME, LABEL_WIDTH, LABEL_ALIGN, ELEMENT_TYPE, ELEMENT_ALIGN, ELEMENT_WIDTH, IS_NEWLINE, ORDER_NO, REMARK, COMB_DS, IS_READONLY, INIT_VALUE) values ('402881873b6f6a2a013b6f73b8e30003', 'postcode', '1', '0', '10', '0', '1', null, '402881873b6f0f9a013b6f1eeb5a0000', '邮编', 0, 'left', '01', 'left', 0, '0', 12, null, null, '0', null);
insert into BIONE_USER_ATTR (ATTR_ID, FIELD_NAME, ATTR_STS, IS_EXT, FIELD_LENGTH, IS_ALLOW_UPDATE, IS_ALLOW_NULL, CHECK_RULE_TYPE, GRP_ID, LABEL_NAME, LABEL_WIDTH, LABEL_ALIGN, ELEMENT_TYPE, ELEMENT_ALIGN, ELEMENT_WIDTH, IS_NEWLINE, ORDER_NO, REMARK, COMB_DS, IS_READONLY, INIT_VALUE) values ('402881873b6f6a2a013b6f7471f20004', 'userSts', '1', '0', '0', '0', '0', null, '402881873b6f0f9a013b6f1eeb5a0000', '用户状态', 0, 'left', '02', 'left', 0, '1', 13, null, '[{id : ''1'', text : ''启用''}, {id : ''0'', text : ''停用''}]', '0', '1');
insert into BIONE_USER_ATTR (ATTR_ID, FIELD_NAME, ATTR_STS, IS_EXT, FIELD_LENGTH, IS_ALLOW_UPDATE, IS_ALLOW_NULL, CHECK_RULE_TYPE, GRP_ID, LABEL_NAME, LABEL_WIDTH, LABEL_ALIGN, ELEMENT_TYPE, ELEMENT_ALIGN, ELEMENT_WIDTH, IS_NEWLINE, ORDER_NO, REMARK, COMB_DS, IS_READONLY, INIT_VALUE) values ('402881873b6f6a2a013b6f74e6e40005', 'address', '1', '0', '250', '0', '1', null, '402881873b6f0f9a013b6f1eeb5a0000', '地址', 0, 'left', '01', 'left', 0, '0', 15, null, null, '0', null);
insert into BIONE_USER_ATTR (ATTR_ID, FIELD_NAME, ATTR_STS, IS_EXT, FIELD_LENGTH, IS_ALLOW_UPDATE, IS_ALLOW_NULL, CHECK_RULE_TYPE, GRP_ID, LABEL_NAME, LABEL_WIDTH, LABEL_ALIGN, ELEMENT_TYPE, ELEMENT_ALIGN, ELEMENT_WIDTH, IS_NEWLINE, ORDER_NO, REMARK, COMB_DS, IS_READONLY, INIT_VALUE) values ('402881873b6f0f9a013b6f58986e0008', 'birthday', '1', '0', '10', '0', '1', null, '402881873b6f0f9a013b6f1eeb5a0000', '用户生日', 0, 'left', '03', 'left', 0, '0', 6, null, null, '0', null);
insert into BIONE_USER_ATTR (ATTR_ID, FIELD_NAME, ATTR_STS, IS_EXT, FIELD_LENGTH, IS_ALLOW_UPDATE, IS_ALLOW_NULL, CHECK_RULE_TYPE, GRP_ID, LABEL_NAME, LABEL_WIDTH, LABEL_ALIGN, ELEMENT_TYPE, ELEMENT_ALIGN, ELEMENT_WIDTH, IS_NEWLINE, ORDER_NO, REMARK, COMB_DS, IS_READONLY, INIT_VALUE) values ('402881873b6f0f9a013b6f5b07b80009', 'email', '1', '0', '100', '0', '1', null, '402881873b6f0f9a013b6f1eeb5a0000', '邮箱', 0, 'left', '01', 'left', 0, '1', 7, null, null, '0', null);

commit;